"Date","Adj.Close"
2015-01-02,39.6071701049805
2015-01-05,39.2429618835449
2015-01-06,38.6669769287109
2015-01-07,39.1582489013672
2015-01-08,40.3102035522461
2015-01-09,39.9713973999023
2015-01-12,39.4716529846191
2015-01-13,39.2683601379395
2015-01-14,38.9295501708984
2015-01-15,38.5229797363281
2015-01-16,39.1667366027832
2015-01-20,39.2937698364258
2015-01-21,38.8956832885742
2015-01-22,39.9206008911133
2015-01-23,39.9629325866699
2015-01-26,39.8189353942871
2015-01-27,36.1343612670898
2015-01-28,34.8891983032227
2015-01-29,35.5837860107422
2015-01-30,34.2200584411621
2015-02-02,34.9654579162598
2015-02-03,35.2364921569824
2015-02-04,35.4397773742676
2015-02-05,35.9564781188965
2015-02-06,35.9225959777832
2015-02-09,35.880241394043
2015-02-10,36.0835342407227
2015-02-11,35.8971672058105
2015-02-12,36.4985809326172
2015-02-13,37.159252166748
2015-02-17,37.176326751709
2015-02-18,37.1336708068848
2015-02-19,37.1080703735352
2015-02-20,37.4151649475098
2015-02-23,37.6625633239746
2015-02-24,37.6113700866699
2015-02-25,37.5260696411133
2015-02-26,37.5857810974121
2015-02-27,37.4066429138184
2015-03-02,37.4322319030762
2015-03-03,36.9204025268555
2015-03-04,36.7327270507812
2015-03-05,36.7753791809082
2015-03-06,36.1356010437012
2015-03-09,36.553581237793
2015-03-10,35.8540725708008
2015-03-11,35.8114128112793
2015-03-12,34.9924964904785
2015-03-13,35.2995948791504
2015-03-16,35.4531478881836
2015-03-17,35.5725708007812
2015-03-18,36.255012512207
2015-03-19,36.0758857727051
2015-03-20,36.5791702270508
2015-03-23,36.5621109008789
2015-03-24,36.5962371826172
2015-03-25,35.3678359985352
2015-03-26,35.1545715332031
2015-03-27,34.9498405456543
2015-03-30,34.9413032531738
2015-03-31,34.6853904724121
2015-04-01,34.7365684509277
2015-04-02,34.3697509765625
2015-04-06,35.4446029663086
2015-04-07,35.4275398254395
2015-04-08,35.3337135314941
2015-04-09,35.3849029541016
2015-04-10,35.5896301269531
2015-04-13,35.6237525939941
2015-04-14,35.529914855957
2015-04-15,36.0502853393555
2015-04-16,35.964973449707
2015-04-17,35.5043182373047
2015-04-20,36.6047706604004
2015-04-21,36.3744468688965
2015-04-22,36.6730155944824
2015-04-23,36.9715805053711
2015-04-24,40.8359451293945
2015-04-27,40.9724426269531
2015-04-28,41.9363899230957
2015-04-29,41.8510818481445
2015-04-30,41.4927940368652
2015-05-01,41.5098609924316
2015-05-04,41.1515769958496
2015-05-05,40.6056213378906
2015-05-06,39.4795722961426
2015-05-07,39.8378601074219
2015-05-08,40.7335739135742
2015-05-11,40.4094123840332
2015-05-12,40.3923683166504
2015-05-13,40.6312141418457
2015-05-14,41.5610389709473
2015-05-15,41.2027626037598
2015-05-18,40.9553680419922
2015-05-19,40.8523406982422
2015-05-20,40.8523406982422
2015-05-21,40.7149543762207
2015-05-22,40.2684936523438
2015-05-26,40.0023193359375
2015-05-27,40.878101348877
2015-05-28,40.7407302856445
2015-05-29,40.2341346740723
2015-06-01,40.5518264770508
2015-06-02,40.2856597900391
2015-06-03,40.2255630493164
2015-06-04,39.8048477172852
2015-06-05,39.6159439086914
2015-06-08,39.2639122009277
2015-06-09,39.1952362060547
2015-06-10,40.0195045471191
2015-06-11,39.8735275268555
2015-06-12,39.4699897766113
2015-06-15,39.0492782592773
2015-06-16,39.3497734069824
2015-06-17,39.4699897766113
2015-06-18,40.113941192627
2015-06-19,39.5816040039062
2015-06-22,39.6932411193848
2015-06-23,39.4184646606445
2015-06-24,39.1866455078125
2015-06-25,39.1952362060547
2015-06-26,38.8603820800781
2015-06-29,38.0962257385254
2015-06-30,37.9073295593262
2015-07-01,38.1649169921875
2015-07-02,38.1219902038574
2015-07-06,38.1134071350098
2015-07-07,38.0361137390137
2015-07-08,37.9846000671387
2015-07-09,38.2250022888184
2015-07-10,38.3022956848145
2015-07-13,39.1007804870605
2015-07-14,39.1694793701172
2015-07-15,39.289680480957
2015-07-16,40.0624313354492
2015-07-17,40.0280990600586
2015-07-20,40.2856597900391
2015-07-21,40.5947570800781
2015-07-22,39.1007804870605
2015-07-23,39.5901947021484
2015-07-24,39.4442329406738
2015-07-27,38.9376525878906
2015-07-28,38.929084777832
2015-07-29,39.744743347168
2015-07-30,40.2513198852539
2015-07-31,40.0967597961426
2015-08-03,40.1912117004395
2015-08-04,40.8179969787598
2015-08-05,40.8523406982422
2015-08-06,40.0280990600586
2015-08-07,40.1311149597168
2015-08-10,40.6376914978027
2015-08-11,39.8477783203125
2015-08-12,40.1311149597168
2015-08-13,40.1225357055664
2015-08-14,40.3543548583984
2015-08-17,40.6291122436523
2015-08-18,40.8538246154785
2015-08-19,40.2834014892578
2015-08-20,39.4623489379883
2015-08-21,37.2239036560059
2015-08-24,36.0225677490234
2015-08-25,34.976806640625
2015-08-26,36.9127616882324
2015-08-27,37.9412460327148
2015-08-28,37.9671630859375
2015-08-31,37.6128234863281
2015-09-01,36.1435737609863
2015-09-02,37.4745330810547
2015-09-03,37.5955352783203
2015-09-04,36.8263206481934
2015-09-08,37.9325981140137
2015-09-09,37.2239036560059
2015-09-10,37.4140434265137
2015-09-11,37.5782470703125
2015-09-14,37.1979751586914
2015-09-15,38.0103797912598
2015-09-16,38.2869338989258
2015-09-17,38.2437438964844
2015-09-18,37.5782470703125
2015-09-21,38.1227378845215
2015-09-22,37.9412460327148
2015-09-23,37.9153137207031
2015-09-24,37.949893951416
2015-09-25,37.9758186340332
2015-09-28,37.4140434265137
2015-09-29,37.5436706542969
2015-09-30,38.2523803710938
2015-10-01,38.554874420166
2015-10-02,39.3845710754395
2015-10-05,40.3006820678711
2015-10-06,40.4043922424316
2015-10-07,40.4476051330566
2015-10-08,41.009391784668
2015-10-09,40.7155227661133
2015-10-12,40.6204643249512
2015-10-13,40.5253982543945
2015-10-14,40.3438987731934
2015-10-15,40.6291046142578
2015-10-16,41.0612335205078
2015-10-19,41.156322479248
2015-10-20,41.2859573364258
2015-10-21,40.7932968139648
2015-10-22,41.5106658935547
2015-10-23,45.6936874389648
2015-10-26,46.8863754272461
2015-10-27,46.4023933410645
2015-10-28,46.6530265808105
2015-10-29,46.1171951293945
2015-10-30,45.4949150085449
2015-11-02,46.0134696960449
2015-11-03,46.7999534606934
2015-11-04,47.0160255432129
2015-11-05,46.9987449645996
2015-11-06,47.4654350280762
2015-11-09,46.80859375
2015-11-10,46.2468414306641
2015-11-11,46.3678283691406
2015-11-12,46.0826148986816
2015-11-13,45.6677627563477
2015-11-16,46.4715423583984
2015-11-17,46.0886917114258
2015-11-18,46.854377746582
2015-11-19,46.9326858520508
2015-11-20,47.1502151489258
2015-11-23,47.1502151489258
2015-11-24,47.2024002075195
2015-11-25,46.7151641845703
2015-11-27,46.9239807128906
2015-11-30,47.2894248962402
2015-12-01,48.0463981628418
2015-12-02,48.0376930236816
2015-12-03,47.1589164733887
2015-12-04,48.6467628479004
2015-12-07,48.559757232666
2015-12-08,48.5423583984375
2015-12-09,47.8375701904297
2015-12-10,48.0899200439453
2015-12-11,47.0370979309082
2015-12-14,47.9768028259277
2015-12-15,48.028995513916
2015-12-16,48.8381843566895
2015-12-17,48.4640426635742
2015-12-18,47.0980033874512
2015-12-21,47.7070732116699
2015-12-22,48.1595153808594
2015-12-23,48.5684432983398
2015-12-24,48.4379272460938
2015-12-28,48.681568145752
2015-12-29,49.2036247253418
2015-12-30,48.9947929382324
2015-12-31,48.272632598877
2016-01-04,47.6809577941895
2016-01-05,47.8984794616699
2016-01-06,47.0284004211426
2016-01-07,45.3926162719727
2016-01-08,45.5318450927734
2016-01-11,45.5057334899902
2016-01-12,45.9233779907227
2016-01-13,44.9314727783203
2016-01-14,46.2105140686035
2016-01-15,44.3659210205078
2016-01-19,43.991771697998
2016-01-20,44.1919021606445
2016-01-21,43.9221687316895
2016-01-22,45.4970207214355
2016-01-25,45.0619964599609
2016-01-26,45.3926162719727
2016-01-27,44.5660438537598
2016-01-28,45.2969093322754
2016-01-29,47.9332962036133
2016-02-01,47.6026649475098
2016-02-02,46.1147994995117
2016-02-03,45.383918762207
2016-02-04,45.2447052001953
2016-02-05,43.6437377929688
2016-02-08,42.9911766052246
2016-02-09,42.8780670166016
2016-02-10,43.2521934509277
2016-02-11,43.2347984313965
2016-02-12,43.939567565918
2016-02-16,44.7720947265625
2016-02-17,45.9376106262207
2016-02-18,45.7360725402832
2016-02-19,45.4118156433105
2016-02-22,46.1391830444336
2016-02-23,44.8509674072266
2016-02-24,45.0087051391602
2016-02-25,45.6572074890137
2016-02-26,44.9561386108398
2016-02-29,44.5880546569824
2016-03-01,46.0778274536133
2016-03-02,46.4020843505859
2016-03-03,45.876277923584
2016-03-04,45.5958442687988
2016-03-07,44.7195129394531
2016-03-08,45.2628440856934
2016-03-09,46.3056869506836
2016-03-10,45.6133728027344
2016-03-11,46.5072402954102
2016-03-14,46.5948715209961
2016-03-15,46.9629440307617
2016-03-16,47.6289520263672
2016-03-17,47.9006156921387
2016-03-18,46.8753089904785
2016-03-21,47.1995544433594
2016-03-22,47.3835830688477
2016-03-23,47.2959403991699
2016-03-24,47.5062713623047
2016-03-28,46.9191246032715
2016-03-29,47.9444351196289
2016-03-30,48.2423820495605
2016-03-31,48.4001388549805
2016-04-01,48.6980895996094
2016-04-04,48.5753898620605
2016-04-05,47.8129768371582
2016-04-06,48.3037376403809
2016-04-07,47.7253532409668
2016-04-08,47.6902961730957
2016-04-11,47.5938987731934
2016-04-12,47.8918647766113
2016-04-13,48.5052909851074
2016-04-14,48.5140647888184
2016-04-15,48.7681770324707
2016-04-18,49.47802734375
2016-04-19,49.416690826416
2016-04-20,48.7156143188477
2016-04-21,48.8821258544922
2016-04-22,45.3767738342285
2016-04-25,45.6659545898438
2016-04-26,45.0788230895996
2016-04-27,44.6406478881836
2016-04-28,43.7292556762695
2016-04-29,43.702953338623
2016-05-02,44.3514518737793
2016-05-03,43.6241073608398
2016-05-04,43.702953338623
2016-05-05,43.7643051147461
2016-05-06,44.1586494445801
2016-05-09,43.8782348632812
2016-05-10,44.710750579834
2016-05-11,44.7370452880859
2016-05-12,45.1401519775391
2016-05-13,44.7633285522461
2016-05-16,45.4205856323242
2016-05-17,44.5734176635742
2016-05-18,44.8381462097168
2016-05-19,44.4057464599609
2016-05-20,44.670482635498
2016-05-23,44.1498413085938
2016-05-24,45.5264701843262
2016-05-25,45.9941825866699
2016-05-26,45.7912254333496
2016-05-27,46.1706733703613
2016-05-31,46.7707557678223
2016-06-01,46.6383781433105
2016-06-02,46.3118782043457
2016-06-03,45.7029800415039
2016-06-06,46.0030059814453
2016-06-07,45.9765357971191
2016-06-08,45.9235801696777
2016-06-09,45.5529556274414
2016-06-10,45.4294128417969
2016-06-13,44.2468948364258
2016-06-14,43.9733390808105
2016-06-15,43.8497924804688
2016-06-16,44.4675178527832
2016-06-17,44.2380790710449
2016-06-20,44.1851387023926
2016-06-21,45.1734848022461
2016-06-22,44.996997833252
2016-06-23,45.8088722229004
2016-06-24,43.9733390808105
2016-06-27,42.7378807067871
2016-06-28,43.6291847229004
2016-06-29,44.5998916625977
2016-06-30,45.1558532714844
2016-07-01,45.1470184326172
2016-07-05,45.1558532714844
2016-07-06,45.3411636352539
2016-07-07,45.3411636352539
2016-07-08,46.1530342102051
2016-07-11,46.4089508056641
2016-07-12,46.9560852050781
2016-07-13,47.2208099365234
2016-07-14,47.4237976074219
2016-07-15,47.3884811401367
2016-07-18,47.617919921875
2016-07-19,46.8501777648926
2016-07-20,49.3387260437012
2016-07-21,49.2416648864746
2016-07-22,49.9211692810059
2016-07-25,50.0623626708984
2016-07-26,50.0888328552246
2016-07-27,49.5858383178711
2016-07-28,49.6034812927246
2016-07-29,50.0182304382324
2016-08-01,49.9300079345703
2016-08-02,49.9300079345703
2016-08-03,50.2741470336914
2016-08-04,50.6447906494141
2016-08-05,51.1477890014648
2016-08-08,51.2360496520996
2016-08-09,51.3596000671387
2016-08-10,51.200740814209
2016-08-11,51.4478378295898
2016-08-12,51.1301498413086
2016-08-15,51.2889862060547
2016-08-16,51.0048446655273
2016-08-17,51.1114044189453
2016-08-18,51.146915435791
2016-08-19,51.1646690368652
2016-08-22,51.2090682983398
2016-08-23,51.4044189453125
2016-08-24,51.457706451416
2016-08-25,51.6530609130859
2016-08-26,51.5287284851074
2016-08-29,51.5908966064453
2016-08-30,51.4044189453125
2016-08-31,51.0225982666016
2016-09-01,51.1380462646484
2016-09-02,51.2090682983398
2016-09-06,51.1557922363281
2016-09-07,51.2001876831055
2016-09-08,50.995979309082
2016-09-09,49.9126434326172
2016-09-12,50.6585350036621
2016-09-13,50.1967887878418
2016-09-14,49.9570274353027
2016-09-15,50.7828483581543
2016-09-16,50.8361282348633
2016-09-19,50.5519714355469
2016-09-20,50.4454116821289
2016-09-21,51.2889785766602
2016-09-22,51.3422660827637
2016-09-23,50.995979309082
2016-09-26,50.5253372192383
2016-09-27,51.457706451416
2016-09-28,51.5287284851074
2016-09-29,50.9693260192871
2016-09-30,51.146915435791
2016-10-03,50.9870796203613
2016-10-04,50.8272476196289
2016-10-05,51.182430267334
2016-10-06,51.2712249755859
2016-10-07,51.3245048522949
2016-10-10,51.5376243591309
2016-10-11,50.7828483581543
2016-10-12,50.7118148803711
2016-10-13,50.5430946350098
2016-10-14,50.9870796203613
2016-10-17,50.8094863891602
2016-10-18,51.2001876831055
2016-10-19,51.0847396850586
2016-10-20,50.8361282348633
2016-10-21,52.9761199951172
2016-10-24,54.1660118103027
2016-10-25,54.1571197509766
2016-10-26,53.8374671936035
2016-10-27,53.3668441772461
2016-10-28,53.1626052856445
2016-10-31,53.2069969177246
2016-11-01,53.1004333496094
2016-11-02,52.7719039916992
2016-11-03,52.5765419006348
2016-11-04,52.1325492858887
2016-11-07,53.6509857177734
2016-11-08,53.6953773498535
2016-11-09,53.4289817810059
2016-11-10,52.1236763000488
2016-11-11,52.4078330993652
2016-11-14,51.6086578369141
2016-11-15,52.6277694702148
2016-11-16,53.3250732421875
2016-11-17,54.2100982666016
2016-11-18,53.9508476257324
2016-11-21,54.4067764282227
2016-11-22,54.6391983032227
2016-11-23,53.9955596923828
2016-11-25,54.1117553710938
2016-11-28,54.1832733154297
2016-11-29,54.612377166748
2016-11-30,53.8703956604004
2016-12-01,52.9227867126465
2016-12-02,52.9674873352051
2016-12-05,53.8346328735352
2016-12-06,53.5932655334473
2016-12-07,54.8626747131348
2016-12-08,54.5408630371094
2016-12-09,55.3990745544434
2016-12-12,55.5778656005859
2016-12-13,56.3019828796387
2016-12-14,56.0337905883789
2016-12-15,55.9444007873535
2016-12-16,55.6940765380859
2016-12-19,56.8741188049316
2016-12-20,56.8025932312012
2016-12-21,56.8025932312012
2016-12-22,56.8115386962891
2016-12-23,56.5344009399414
2016-12-27,56.5701713562012
2016-12-28,56.3109016418457
2016-12-29,56.23046875
2016-12-30,55.5510406494141
2017-01-03,55.9444007873535
2017-01-04,55.6940765380859
2017-01-05,55.6940765380859
2017-01-06,56.1768264770508
2017-01-09,55.9980354309082
2017-01-10,55.980152130127
2017-01-11,56.4897079467773
2017-01-12,55.9712104797363
2017-01-13,56.0516624450684
2017-01-17,55.8996887207031
2017-01-18,55.872875213623
2017-01-19,55.6940765380859
2017-01-20,56.0874290466309
2017-01-23,56.2840843200684
2017-01-24,56.7847175598145
2017-01-25,56.9277496337891
2017-01-26,57.4552001953125
2017-01-27,58.8050727844238
2017-01-30,58.2240028381348
2017-01-31,57.7949028015137
2017-02-01,56.8383598327637
2017-02-02,56.4718399047852
2017-02-03,56.9277496337891
2017-02-06,56.8919868469238
2017-02-07,56.7042655944824
2017-02-08,56.6237983703613
2017-02-09,57.2674560546875
2017-02-10,57.2138328552246
2017-02-13,57.8574829101562
2017-02-14,58.0733184814453
2017-02-15,58.0373458862305
2017-02-16,58.0283508300781
2017-02-17,58.1182899475098
2017-02-21,58.0013771057129
2017-02-22,57.884464263916
2017-02-23,58.1182899475098
2017-02-24,58.1182899475098
2017-02-27,57.7675514221191
2017-02-28,57.5426979064941
2017-03-01,58.4061050415039
2017-03-02,57.5696754455566
2017-03-03,57.7855224609375
2017-03-06,57.8035202026367
2017-03-07,57.9204406738281
2017-03-08,58.4510879516602
2017-03-09,58.2172393798828
2017-03-10,58.3971099853516
2017-03-13,58.1992454528809
2017-03-14,57.9294471740723
2017-03-15,58.2352180480957
2017-03-16,58.1362838745117
2017-03-17,58.3431549072266
2017-03-20,58.3971099853516
2017-03-21,57.7495574951172
2017-03-22,58.4870491027832
2017-03-23,58.3431549072266
2017-03-24,58.4420890808105
2017-03-27,58.5500030517578
2017-03-28,58.720874786377
2017-03-29,58.8827705383301
2017-03-30,59.0986366271973
2017-03-31,59.2335357666016
2017-04-03,58.9547271728516
2017-04-04,59.1166229248047
2017-04-05,58.9637298583984
2017-04-06,59.1166229248047
2017-04-07,59.0716400146484
2017-04-10,58.9367408752441
2017-04-11,58.891788482666
2017-04-12,58.6669273376465
2017-04-13,58.415096282959
2017-04-17,58.891788482666
2017-04-18,58.8108062744141
2017-04-19,58.4960517883301
2017-04-20,58.9097595214844
2017-04-21,59.7192153930664
2017-04-24,60.7355117797852
2017-04-25,61.0862693786621
2017-04-26,61.0053176879883
2017-04-27,61.4010620117188
2017-04-28,61.571949005127
2017-05-01,62.4263534545898
2017-05-02,62.3274192810059
2017-05-03,62.129566192627
2017-05-04,61.8866996765137
2017-05-05,62.0576019287109
2017-05-08,62.0036582946777
2017-05-09,62.093578338623
2017-05-10,62.33642578125
2017-05-11,61.571949005127
2017-05-12,61.5000038146973
2017-05-15,61.5449600219727
2017-05-16,62.7841720581055
2017-05-17,61.0384216308594
2017-05-18,61.2464714050293
2017-05-19,61.2283782958984
2017-05-22,61.9158172607422
2017-05-23,62.1238822937012
2017-05-24,62.205265045166
2017-05-25,62.9741172790527
2017-05-26,63.281681060791
2017-05-30,63.6887321472168
2017-05-31,63.1731452941895
2017-06-01,63.4083023071289
2017-06-02,64.9098587036133
2017-06-05,65.3801956176758
2017-06-06,65.5973052978516
2017-06-07,65.4796981811523
2017-06-08,65.0817184448242
2017-06-09,63.6073188781738
2017-06-12,63.1188659667969
2017-06-13,63.9058113098145
2017-06-14,63.5620803833008
2017-06-15,63.2274131774902
2017-06-16,63.3178596496582
2017-06-19,64.1048049926758
2017-06-20,63.236457824707
2017-06-21,63.5620803833008
2017-06-22,63.5530700683594
2017-06-23,64.4123687744141
2017-06-26,63.7972793579102
2017-06-27,62.6032829284668
2017-06-28,63.1369514465332
2017-06-29,61.9519920349121
2017-06-30,62.350025177002
2017-07-03,61.662525177002
2017-07-05,62.4857063293457
2017-07-06,62.0243835449219
2017-07-07,62.8294067382812
2017-07-10,63.2997856140137
2017-07-11,63.3088035583496
2017-07-12,64.3580780029297
2017-07-13,64.9189147949219
2017-07-14,65.8324966430664
2017-07-17,66.3480834960938
2017-07-18,66.3028717041016
2017-07-19,66.8094024658203
2017-07-20,67.1350173950195
2017-07-21,66.7460784912109
2017-07-24,66.57421875
2017-07-25,67.1078948974609
2017-07-26,66.9812469482422
2017-07-27,66.1761932373047
2017-07-28,66.0676651000977
2017-07-31,65.7601470947266
2017-08-01,65.6515731811523
2017-08-02,65.3621368408203
2017-08-03,65.2626266479492
2017-08-04,65.7420196533203
2017-08-07,65.48876953125
2017-08-08,65.8415298461914
2017-08-09,65.5521011352539
2017-08-10,64.5932769775391
2017-08-11,65.5792007446289
2017-08-14,66.5651626586914
2017-08-15,66.583366394043
2017-08-16,66.9743576049805
2017-08-17,65.8376846313477
2017-08-18,65.9195175170898
2017-08-21,65.6103286743164
2017-08-22,66.52880859375
2017-08-23,66.1286773681641
2017-08-24,66.1013946533203
2017-08-25,66.2196044921875
2017-08-28,66.2287216186523
2017-08-29,66.4287490844727
2017-08-30,67.3017425537109
2017-08-31,67.9928512573242
2017-09-01,67.2381057739258
2017-09-05,66.9380035400391
2017-09-06,66.7470550537109
2017-09-07,67.6018371582031
2017-09-08,67.2744598388672
2017-09-11,67.983757019043
2017-09-12,67.9110107421875
2017-09-13,68.3929824829102
2017-09-14,67.9928512573242
2017-09-15,68.4839019775391
2017-09-18,68.3474731445312
2017-09-19,68.602165222168
2017-09-20,68.1474609375
2017-09-21,67.4836273193359
2017-09-22,67.6654968261719
2017-09-25,66.6197357177734
2017-09-26,66.6197357177734
2017-09-27,67.15625
2017-09-28,67.174430847168
2017-09-29,67.7382125854492
2017-10-02,67.8473739624023
2017-10-03,67.5290832519531
2017-10-04,67.9201049804688
2017-10-05,69.084098815918
2017-10-06,69.1113586425781
2017-10-09,69.3750839233398
2017-10-10,69.3750839233398
2017-10-11,69.4933090209961
2017-10-12,70.1298370361328
2017-10-13,70.4663238525391
2017-10-16,70.6118240356445
2017-10-17,70.557258605957
2017-10-18,70.5754470825195
2017-10-19,70.8482437133789
2017-10-20,71.6666259765625
2017-10-23,71.6848602294922
2017-10-24,71.7121124267578
2017-10-25,71.5029754638672
2017-10-26,71.6212158203125
2017-10-27,76.2134857177734
2017-10-30,76.2862396240234
2017-10-31,75.6405792236328
2017-11-01,75.6405792236328
2017-11-02,76.4317245483398
2017-11-03,76.513557434082
2017-11-06,76.8136367797852
2017-11-07,76.6317596435547
2017-11-08,76.8955001831055
2017-11-09,76.4680709838867
2017-11-10,76.2680358886719
2017-11-13,76.3226013183594
2017-11-14,76.4317245483398
2017-11-15,75.8376693725586
2017-11-16,76.0387496948242
2017-11-17,75.3075942993164
2017-11-20,75.4264144897461
2017-11-21,76.5139999389648
2017-11-22,75.9564819335938
2017-11-24,76.0935668945312
2017-11-27,76.6510620117188
2017-11-28,77.5741348266602
2017-11-29,76.1666564941406
2017-11-30,76.9252319335938
2017-12-01,77.0074844360352
2017-12-04,74.1012115478516
2017-12-05,74.5672988891602
2017-12-06,75.6548843383789
2017-12-07,75.3898468017578
2017-12-08,76.9161071777344
2017-12-11,77.8940124511719
2017-12-12,78.2138824462891
2017-12-13,78.0037002563477
2017-12-14,77.4004898071289
2017-12-15,79.3745727539062
2017-12-18,78.9450073242188
2017-12-19,78.4423522949219
2017-12-20,78.1590423583984
2017-12-21,78.140754699707
2017-12-22,78.1499176025391
2017-12-26,78.0493698120117
2017-12-27,78.3327026367188
2017-12-28,78.3418121337891
2017-12-29,78.1773300170898
2018-01-02,78.5520324707031
2018-01-03,78.917594909668
2018-01-04,79.6121826171875
2018-01-05,80.5992279052734
2018-01-08,80.6814727783203
2018-01-09,80.6266326904297
2018-01-10,80.2610702514648
2018-01-11,80.4986953735352
2018-01-12,81.8878631591797
2018-01-16,80.7454528808594
2018-01-17,82.3813934326172
2018-01-18,82.344856262207
2018-01-19,82.25341796875
2018-01-22,83.7248458862305
2018-01-23,83.9898910522461
2018-01-24,83.9167938232422
2018-01-25,84.3828887939453
2018-01-26,85.963981628418
2018-01-29,85.8360290527344
2018-01-30,84.7575836181641
2018-01-31,86.8322219848633
2018-02-01,86.1467742919922
2018-02-02,83.8802185058594
2018-02-05,80.4255981445312
2018-02-06,83.4689483642578
2018-02-07,81.8969955444336
2018-02-08,77.6929473876953
2018-02-09,80.5900650024414
2018-02-12,81.4583282470703
2018-02-13,82.0980758666992
2018-02-14,83.3836059570312
2018-02-15,85.0822830200195
2018-02-16,84.4762573242188
2018-02-20,85.1373672485352
2018-02-21,84.007942199707
2018-02-22,84.2283554077148
2018-02-23,86.3677978515625
2018-02-26,87.6165771484375
2018-02-27,86.496337890625
2018-02-28,86.1015167236328
2018-03-01,85.2567443847656
2018-03-02,85.4403915405273
2018-03-05,85.9821319580078
2018-03-06,85.6882934570312
2018-03-07,86.1841506958008
2018-03-08,86.7075347900391
2018-03-09,88.6449890136719
2018-03-12,88.8561553955078
2018-03-13,86.6891708374023
2018-03-14,86.1749649047852
2018-03-15,86.4779815673828
2018-03-16,86.863655090332
2018-03-19,85.2934494018555
2018-03-20,85.5138473510742
2018-03-21,84.9170150756836
2018-03-22,82.4470138549805
2018-03-23,80.0504531860352
2018-03-26,86.1106796264648
2018-03-27,82.1531677246094
2018-03-28,82.079704284668
2018-03-29,83.8059616088867
2018-04-02,81.2808456420898
2018-04-03,82.3735656738281
2018-04-04,84.7792739868164
2018-04-05,84.8251724243164
2018-04-06,82.8510055541992
2018-04-09,83.3468399047852
2018-04-10,85.284294128418
2018-04-11,84.3477325439453
2018-04-12,85.9270401000977
2018-04-13,85.4679260253906
2018-04-16,86.4687805175781
2018-04-17,88.2134170532227
2018-04-18,88.5531768798828
2018-04-19,88.2501602172852
2018-04-20,87.2309188842773
2018-04-23,87.5522918701172
2018-04-24,85.5046463012695
2018-04-25,84.7609100341797
2018-04-26,86.5514450073242
2018-04-27,87.9838333129883
2018-04-30,85.8719635009766
2018-05-01,87.2309188842773
2018-05-02,85.8627777099609
2018-05-03,86.376953125
2018-05-04,87.3778305053711
2018-05-07,88.3511581420898
2018-05-08,87.9746780395508
2018-05-09,89.0122604370117
2018-05-10,89.902946472168
2018-05-11,89.7101135253906
2018-05-14,90.0131378173828
2018-05-15,89.361198425293
2018-05-16,89.5917282104492
2018-05-17,88.6972198486328
2018-05-18,88.8632049560547
2018-05-21,90.0067367553711
2018-05-22,89.9145278930664
2018-05-23,90.9842529296875
2018-05-24,90.6614761352539
2018-05-25,90.7075805664062
2018-05-29,90.3848495483398
2018-05-30,91.2516708374023
2018-05-31,91.150260925293
2018-06-01,92.9485473632812
2018-06-04,93.7600860595703
2018-06-05,94.2396392822266
2018-06-06,94.5162887573242
2018-06-07,93.0315322875977
2018-06-08,93.7231903076172
2018-06-11,93.1883316040039
2018-06-12,93.428092956543
2018-06-13,93.0038833618164
2018-06-14,93.529541015625
2018-06-15,92.3398895263672
2018-06-18,93.0131072998047
2018-06-19,93.0131072998047
2018-06-20,93.9445419311523
2018-06-21,93.2713317871094
2018-06-22,92.5981216430664
2018-06-25,90.7352752685547
2018-06-26,91.3715896606445
2018-06-27,89.9514007568359
2018-06-28,90.9565887451172
2018-06-29,90.9381637573242
2018-07-02,92.2292404174805
2018-07-03,91.3439102172852
2018-07-05,91.9987030029297
2018-07-06,93.2897720336914
2018-07-09,93.9260864257812
2018-07-10,94.1750640869141
2018-07-11,94.0459976196289
2018-07-12,96.0840301513672
2018-07-13,97.2275619506836
2018-07-16,96.7480545043945
2018-07-17,97.7070922851562
2018-07-18,96.9416885375977
2018-07-19,96.2776947021484
2018-07-20,98.002197265625
2018-07-23,99.569953918457
2018-07-24,99.2840805053711
2018-07-25,102.207458496094
2018-07-26,101.091583251953
2018-07-27,99.3025131225586
2018-07-30,97.172248840332
2018-07-31,97.8270034790039
2018-08-01,98.0114212036133
2018-08-02,99.2010879516602
2018-08-03,99.6345138549805
2018-08-06,99.7175216674805
2018-08-07,100.409149169922
2018-08-08,100.971687316895
2018-08-09,101.1376953125
2018-08-10,100.519813537598
2018-08-13,99.7912673950195
2018-08-14,101.036247253418
2018-08-15,99.6661758422852
2018-08-16,99.6476287841797
2018-08-17,99.5920791625977
2018-08-20,98.9347763061523
2018-08-21,98.1108779907227
2018-08-22,99.1106948852539
2018-08-23,99.5735702514648
2018-08-24,100.351211547852
2018-08-27,101.462112426758
2018-08-28,102.073097229004
2018-08-29,103.70240020752
2018-08-30,103.63761138916
2018-08-31,103.989364624023
2018-09-04,103.415412902832
2018-09-05,100.434501647949
2018-09-06,100.665969848633
2018-09-07,100.175300598145
2018-09-10,101.258422851562
2018-09-11,102.98030090332
2018-09-12,103.415412902832
2018-09-13,104.526321411133
2018-09-14,104.952163696289
2018-09-17,103.813499450684
2018-09-18,104.804054260254
2018-09-19,103.40616607666
2018-09-20,105.137329101562
2018-09-21,105.776092529297
2018-09-24,106.155624389648
2018-09-25,105.951972961426
2018-09-26,105.516876220703
2018-09-27,105.91495513916
2018-09-28,105.877899169922
2018-10-01,107.025840759277
2018-10-02,106.600006103516
2018-10-03,106.618507385254
2018-10-04,104.415222167969
2018-10-05,103.804244995117
2018-10-08,102.619262695312
2018-10-09,103.924598693848
2018-10-10,98.2775192260742
2018-10-11,98.0460968017578
2018-10-12,101.434310913086
2018-10-15,99.6105880737305
2018-10-16,102.758148193359
2018-10-17,102.48966217041
2018-10-18,100.443748474121
2018-10-19,100.59188079834
2018-10-22,101.489852905273
2018-10-23,100.073463439941
2018-10-24,94.7226486206055
2018-10-25,100.258636474609
2018-10-26,99.0181198120117
2018-10-29,96.1390228271484
2018-10-30,96.027946472168
2018-10-31,98.8792495727539
2018-11-01,98.0553207397461
2018-11-02,98.2775192260742
2018-11-05,99.5272598266602
2018-11-06,99.7216796875
2018-11-07,103.646873474121
2018-11-08,103.452453613281
2018-11-09,101.434310913086
2018-11-12,98.9347763061523
2018-11-13,98.9995956420898
2018-11-14,97.5956954956055
2018-11-15,99.7434005737305
2018-11-16,100.682441711426
2018-11-19,97.2702789306641
2018-11-20,94.564697265625
2018-11-21,95.8663482666016
2018-11-23,95.8291473388672
2018-11-26,98.9903106689453
2018-11-27,99.6132507324219
2018-11-28,103.313636779785
2018-11-29,102.44896697998
2018-11-30,103.099792480469
2018-12-03,104.215484619141
2018-12-04,100.896278381348
2018-12-06,101.51921081543
2018-12-07,97.4562149047852
2018-12-10,100.031631469727
2018-12-11,100.961364746094
2018-12-12,101.416954040527
2018-12-13,101.760955810547
2018-12-14,98.5812149047852
2018-12-17,95.6617889404297
2018-12-18,96.6659240722656
2018-12-19,96.4056091308594
2018-12-20,94.3787689208984
2018-12-21,91.3291702270508
2018-12-24,87.5172119140625
2018-12-26,93.495491027832
2018-12-27,94.0719375610352
2018-12-28,93.3374252319336
2018-12-31,94.4345321655273
2019-01-02,94.0161590576172
2019-01-03,90.5574951171875
2019-01-04,94.7692184448242
2019-01-07,94.8901138305664
2019-01-08,95.578125
2019-01-09,96.9448623657227
2019-01-10,96.3219223022461
2019-01-11,95.578125
2019-01-14,94.8808288574219
2019-01-15,97.6328735351562
2019-01-16,97.9768524169922
2019-01-17,98.664909362793
2019-01-18,100.143203735352
2019-01-22,98.2557983398438
2019-01-23,99.2134552001953
2019-01-24,98.7392654418945
2019-01-25,99.6411361694336
2019-01-28,97.6979598999023
2019-01-29,95.7083053588867
2019-01-30,98.9066314697266
2019-01-31,97.093620300293
2019-02-01,95.5595397949219
2019-02-04,98.3115921020508
2019-02-05,99.687614440918
2019-02-06,98.5812149047852
2019-02-07,97.8745956420898
2019-02-08,98.2464828491211
2019-02-11,97.8560256958008
2019-02-12,99.3807983398438
2019-02-13,99.3064193725586
2019-02-14,99.3900909423828
2019-02-15,100.617362976074
2019-02-19,100.570892333984
2019-02-20,100.048011779785
2019-02-21,102.158195495605
2019-02-22,103.614784240723
2019-02-25,104.193702697754
2019-02-26,104.912673950195
2019-02-27,104.735252380371
2019-02-28,104.604522705078
2019-03-01,105.071388244629
2019-03-04,104.819313049316
2019-03-05,104.296417236328
2019-03-06,104.34309387207
2019-03-07,103.073257446289
2019-03-08,103.18529510498
2019-03-11,105.351493835449
2019-03-12,106.089134216309
2019-03-13,106.910827636719
2019-03-14,106.994873046875
2019-03-15,108.227355957031
2019-03-18,109.777328491211
2019-03-19,109.852035522461
2019-03-20,109.730651855469
2019-03-21,112.251693725586
2019-03-22,109.291809082031
2019-03-25,109.861373901367
2019-03-26,110.094802856445
2019-03-27,109.030349731445
2019-03-28,109.179763793945
2019-03-29,110.122833251953
2019-04-01,111.131225585938
2019-04-02,111.289970397949
2019-04-03,112.018295288086
2019-04-04,111.448699951172
2019-04-05,111.943565368652
2019-04-08,111.980934143066
2019-04-09,111.3740234375
2019-04-10,112.223686218262
2019-04-11,112.354393005371
2019-04-12,112.933319091797
2019-04-15,113.026672363281
2019-04-16,112.765258789062
2019-04-17,113.698959350586
2019-04-18,115.192916870117
2019-04-22,115.557067871094
2019-04-23,117.125709533691
2019-04-24,116.724220275879
2019-04-25,120.589813232422
2019-04-26,121.280776977539
2019-04-29,121.16870880127
2019-04-30,121.943710327148
2019-05-01,119.403984069824
2019-05-02,117.844650268555
2019-05-03,120.356376647949
2019-05-06,119.656089782715
2019-05-07,117.200393676758
2019-05-08,117.191078186035
2019-05-09,117.181732177734
2019-05-10,118.70369720459
2019-05-13,115.174247741699
2019-05-14,116.462760925293
2019-05-15,118.102821350098
2019-05-16,120.830001831055
2019-05-17,120.024047851562
2019-05-20,118.290252685547
2019-05-21,118.927520751953
2019-05-22,119.649169921875
2019-05-23,118.252799987793
2019-05-24,118.30899810791
2019-05-28,118.234039306641
2019-05-29,117.090660095215
2019-05-30,117.8310546875
2019-05-31,115.909843444824
2019-06-03,112.311088562012
2019-06-04,115.422515869141
2019-06-05,117.924789428711
2019-06-06,119.789733886719
2019-06-07,123.144821166992
2019-06-10,124.269432067871
2019-06-11,123.800880432129
2019-06-12,123.229202270508
2019-06-13,124.007026672363
2019-06-14,124.128829956055
2019-06-17,124.503768920898
2019-06-18,126.668586730957
2019-06-19,127.165267944336
2019-06-20,128.346145629883
2019-06-21,128.364898681641
2019-06-24,129.124008178711
2019-06-25,125.047271728516
2019-06-26,125.515907287598
2019-06-27,125.722061157227
2019-06-28,125.543998718262
2019-07-01,127.155944824219
2019-07-02,127.999366760254
2019-07-03,128.824111938477
2019-07-05,128.44921875
2019-07-08,128.355499267578
2019-07-09,127.88695526123
2019-07-10,129.18962097168
2019-07-11,129.705078125
2019-07-12,130.173645019531
2019-07-15,130.173645019531
2019-07-16,128.468032836914
2019-07-17,127.708854675293
2019-07-18,127.84944152832
2019-07-19,128.036849975586
2019-07-22,129.733184814453
2019-07-23,130.539138793945
2019-07-24,131.879302978516
2019-07-25,131.382614135742
2019-07-26,132.460357666016
2019-07-29,132.169845581055
2019-07-30,131.532608032227
2019-07-31,127.708854675293
2019-08-01,129.38639831543
2019-08-02,128.299285888672
2019-08-05,123.903945922852
2019-08-06,126.228157043457
2019-08-07,126.78108215332
2019-08-08,130.16423034668
2019-08-09,129.058456420898
2019-08-12,127.259017944336
2019-08-13,129.892486572266
2019-08-14,125.980842590332
2019-08-15,125.698776245117
2019-08-16,128.002487182617
2019-08-19,130.146392822266
2019-08-20,129.065002441406
2019-08-21,130.503692626953
2019-08-22,129.553985595703
2019-08-23,125.426094055176
2019-08-26,127.363098144531
2019-08-27,127.635749816895
2019-08-28,127.46654510498
2019-08-29,129.873687744141
2019-08-30,129.62922668457
2019-09-03,127.91788482666
2019-09-04,129.412979125977
2019-09-05,131.688461303711
2019-09-06,130.795135498047
2019-09-09,129.309494018555
2019-09-10,127.955490112305
2019-09-11,127.993087768555
2019-09-12,129.309494018555
2019-09-13,129.121444702148
2019-09-16,128.190567016602
2019-09-17,129.187255859375
2019-09-18,130.249877929688
2019-09-19,132.647552490234
2019-09-20,131.114868164062
2019-09-23,130.83283996582
2019-09-24,129.177871704102
2019-09-25,131.039657592773
2019-09-26,131.208908081055
2019-09-27,129.506958007812
2019-09-30,130.729400634766
2019-10-01,128.886352539062
2019-10-02,126.61083984375
2019-10-03,128.143524169922
2019-10-04,129.873687744141
2019-10-07,128.933410644531
2019-10-08,127.570014953613
2019-10-09,129.98649597168
2019-10-10,130.795135498047
2019-10-11,131.340530395508
2019-10-14,131.218292236328
2019-10-15,133.117721557617
2019-10-16,132.026992797852
2019-10-17,131.349960327148
2019-10-18,129.206100463867
2019-10-21,130.165176391602
2019-10-22,128.228164672852
2019-10-23,129.046234130859
2019-10-24,131.585037231445
2019-10-25,132.327865600586
2019-10-28,135.581253051758
2019-10-29,134.302490234375
2019-10-30,135.97624206543
2019-10-31,134.81022644043
2019-11-01,135.139389038086
2019-11-04,135.919799804688
2019-11-05,135.835174560547
2019-11-06,135.459045410156
2019-11-07,135.647094726562
2019-11-08,137.245590209961
2019-11-11,137.386688232422
2019-11-12,138.289337158203
2019-11-13,138.514984130859
2019-11-14,139.220260620117
2019-11-15,141.016220092773
2019-11-18,141.36408996582
2019-11-19,141.411102294922
2019-11-20,141.165832519531
2019-11-21,141.033721923828
2019-11-22,141.13752746582
2019-11-25,142.684814453125
2019-11-26,143.439651489258
2019-11-27,143.713272094727
2019-11-29,142.826385498047
2019-12-02,141.09977722168
2019-12-03,140.873336791992
2019-12-04,141.382858276367
2019-12-05,141.458312988281
2019-12-06,143.17546081543
2019-12-09,142.807479858398
2019-12-10,142.59049987793
2019-12-11,143.128280639648
2019-12-12,144.581298828125
2019-12-13,145.798400878906
2019-12-16,146.741882324219
2019-12-17,145.949356079102
2019-12-18,145.647399902344
2019-12-19,146.911682128906
2019-12-20,148.515655517578
2019-12-23,148.515655517578
2019-12-24,148.487335205078
2019-12-26,149.704467773438
2019-12-27,149.978073120117
2019-12-30,148.685470581055
2019-12-31,148.789245605469
2020-01-02,151.544281005859
2020-01-03,149.657272338867
2020-01-06,150.04411315918
2020-01-07,148.676040649414
2020-01-08,151.044189453125
2020-01-09,152.931182861328
2020-01-10,152.223571777344
2020-01-13,154.053985595703
2020-01-14,152.968963623047
2020-01-15,153.959655761719
2020-01-16,156.780670166016
2020-01-17,157.658111572266
2020-01-21,157.092041015625
2020-01-22,156.337188720703
2020-01-23,157.29963684082
2020-01-24,155.71452331543
2020-01-27,153.110488891602
2020-01-28,156.110778808594
2020-01-29,158.544998168945
2020-01-30,163.017150878906
2020-01-31,160.611236572266
2020-02-03,164.526748657227
2020-02-04,169.942428588867
2020-02-05,169.73486328125
2020-02-06,173.254089355469
2020-02-07,173.499420166016
2020-02-10,178.037628173828
2020-02-11,174.018325805664
2020-02-12,174.273071289062
2020-02-13,173.329574584961
2020-02-14,174.876922607422
2020-02-18,176.650650024414
2020-02-19,177.180480957031
2020-02-20,174.474685668945
2020-02-21,168.959121704102
2020-02-24,161.674346923828
2020-02-25,159.006469726562
2020-02-26,160.9931640625
2020-02-27,149.649749755859
2020-02-28,153.273254394531
2020-03-02,163.471893310547
2020-03-03,155.638442993164
2020-03-04,161.352691650391
2020-03-05,157.303527832031
2020-03-06,152.856964111328
2020-03-09,142.497497558594
2020-03-10,152.242004394531
2020-03-11,145.345138549805
2020-03-12,131.560836791992
2020-03-13,150.264724731445
2020-03-16,128.117172241211
2020-03-17,138.665908813477
2020-03-18,132.828598022461
2020-03-19,135.014038085938
2020-03-20,129.943115234375
2020-03-23,128.646957397461
2020-03-24,140.340408325195
2020-03-25,138.997024536133
2020-03-26,147.69140625
2020-03-27,141.627044677734
2020-03-30,151.589202880859
2020-03-31,149.205123901367
2020-04-01,143.907104492188
2020-04-02,146.887222290039
2020-04-03,145.53434753418
2020-04-06,156.357391357422
2020-04-07,154.673446655273
2020-04-08,156.225021362305
2020-04-09,156.234451293945
2020-04-13,156.584503173828
2020-04-14,164.332824707031
2020-04-15,162.610961914062
2020-04-16,167.492721557617
2020-04-17,168.968612670898
2020-04-20,165.619476318359
2020-04-21,158.769912719727
2020-04-22,164.162521362305
2020-04-23,162.175796508789
2020-04-24,165.137023925781
2020-04-27,164.663955688477
2020-04-28,160.652633666992
2020-04-29,167.861679077148
2020-04-30,169.545700073242
2020-05-01,165.155868530273
2020-05-04,169.195648193359
2020-05-05,171.012100219727
2020-05-06,172.696090698242
2020-05-07,173.69889831543
2020-05-08,174.720687866211
2020-05-11,176.669586181641
2020-05-12,172.667694091797
2020-05-13,170.056549072266
2020-05-14,170.794525146484
2020-05-15,173.282653808594
2020-05-18,174.938293457031
2020-05-19,173.727310180664
2020-05-20,176.137100219727
2020-05-21,174.021438598633
2020-05-22,174.097320556641
2020-05-26,172.2568359375
2020-05-27,172.484512329102
2020-05-28,172.095550537109
2020-05-29,173.850662231445
2020-06-01,173.452224731445
2020-06-02,175.425537109375
2020-06-03,175.852432250977
2020-06-04,173.537536621094
2020-06-05,177.598037719727
2020-06-08,178.698608398438
2020-06-09,180.064697265625
2020-06-10,186.743621826172
2020-06-11,176.715805053711
2020-06-12,178.110321044922
2020-06-15,179.248794555664
2020-06-16,183.641342163086
2020-06-17,184.276947021484
2020-06-18,186.250289916992
2020-06-19,185.140274047852
2020-06-22,190.282302856445
2020-06-23,191.553588867188
2020-06-24,187.692306518555
2020-06-25,190.064056396484
2020-06-26,186.259735107422
2020-06-29,188.261535644531
2020-06-30,193.071472167969
2020-07-01,194.200439453125
2020-07-02,195.680419921875
2020-07-06,199.892669677734
2020-07-07,197.568344116211
2020-07-08,201.913467407227
2020-07-09,203.326995849609
2020-07-10,202.710327148438
2020-07-13,196.448944091797
2020-07-14,197.663238525391
2020-07-15,197.369110107422
2020-07-16,193.46044921875
2020-07-17,192.473815917969
2020-07-20,200.746536254883
2020-07-21,198.042694091797
2020-07-22,200.888824462891
2020-07-23,192.151184082031
2020-07-24,190.974822998047
2020-07-27,193.394027709961
2020-07-28,191.657897949219
2020-07-29,193.593276977539
2020-07-30,193.441513061523
2020-07-31,194.494537353516
2020-08-03,205.43310546875
2020-08-04,202.349838256836
2020-08-05,202.017807006836
2020-08-06,205.252868652344
2020-08-07,201.581359863281
2020-08-10,197.568344116211
2020-08-11,192.948165893555
2020-08-12,198.460113525391
2020-08-13,197.995239257812
2020-08-14,198.185012817383
2020-08-17,199.494247436523
2020-08-18,200.642150878906
2020-08-19,199.424880981445
2020-08-20,204.065734863281
2020-08-21,202.582214355469
2020-08-24,203.219375610352
2020-08-25,205.863174438477
2020-08-26,210.313858032227
2020-08-27,215.477767944336
2020-08-28,217.693588256836
2020-08-31,214.479248046875
2020-09-01,216.134002685547
2020-09-02,220.299362182617
2020-09-03,206.65251159668
2020-09-04,203.751953125
2020-09-08,192.729827880859
2020-09-09,200.936996459961
2020-09-10,195.307022094727
2020-09-11,194.032669067383
2020-09-14,195.345108032227
2020-09-15,198.549987792969
2020-09-16,195.002746582031
2020-09-17,192.96760559082
2020-09-18,190.571105957031
2020-09-21,192.61572265625
2020-09-22,197.256576538086
2020-09-23,190.76123046875
2020-09-24,193.233871459961
2020-09-25,197.637023925781
2020-09-28,199.177673339844
2020-09-29,197.104446411133
2020-09-30,200.024063110352
2020-10-01,202.049682617188
2020-10-02,196.086853027344
2020-10-05,200.071578979492
2020-10-06,195.820587158203
2020-10-07,199.548522949219
2020-10-08,200.261779785156
2020-10-09,205.235534667969
2020-10-12,210.551605224609
2020-10-13,211.940032958984
2020-10-14,210.038009643555
2020-10-15,208.896881103516
2020-10-16,208.896881103516
2020-10-19,203.723373413086
2020-10-20,204.132339477539
2020-10-21,204.275009155273
2020-10-22,204.360610961914
2020-10-23,205.634902954102
2020-10-26,199.786270141602
2020-10-27,202.80094909668
2020-10-28,192.748840332031
2020-10-29,194.688919067383
2020-10-30,192.549163818359
2020-11-02,192.416000366211
2020-11-03,196.315139770508
2020-11-04,205.787078857422
2020-11-05,212.348983764648
2020-11-06,212.757888793945
2020-11-09,207.689086914062
2020-11-10,200.670700073242
2020-11-11,205.939224243164
2020-11-12,204.88362121582
2020-11-13,205.901214599609
2020-11-16,206.5859375
2020-11-17,203.951675415039
2020-11-18,201.262817382812
2020-11-19,202.540496826172
2020-11-20,200.604904174805
2020-11-23,200.337951660156
2020-11-24,203.913513183594
2020-11-25,203.923065185547
2020-11-27,205.219772338867
2020-11-30,204.113723754883
2020-12-01,206.154251098633
2020-12-02,205.353271484375
2020-12-03,204.275833129883
2020-12-04,204.390289306641
2020-12-07,204.323501586914
2020-12-08,205.963531494141
2020-12-09,201.949295043945
2020-12-10,200.728851318359
2020-12-11,203.341369628906
2020-12-14,204.237701416016
2020-12-15,204.170959472656
2020-12-16,209.081451416016
2020-12-17,209.214920043945
2020-12-18,208.423568725586
2020-12-21,212.237487792969
2020-12-22,213.524703979492
2020-12-23,210.740524291992
2020-12-24,212.390075683594
2020-12-28,214.497283935547
2020-12-29,213.72492980957
2020-12-30,211.369750976562
2020-12-31,212.075424194336
2021-01-04,207.565368652344
2021-01-05,207.765625
2021-01-06,202.378387451172
2021-01-07,208.137466430664
2021-01-08,209.405609130859
2021-01-11,207.374649047852
2021-01-12,204.933776855469
2021-01-13,206.278182983398
2021-01-14,203.112609863281
2021-01-15,202.759765625
2021-01-19,206.373519897461
2021-01-20,213.906097412109
2021-01-21,214.506790161133
2021-01-22,215.441207885742
2021-01-25,218.854721069336
2021-01-26,221.524520874023
2021-01-27,222.067993164062
2021-01-28,227.817535400391
2021-01-29,221.171676635742
2021-02-01,228.504043579102
2021-02-02,228.370529174805
2021-02-03,231.6982421875
2021-02-04,230.754287719727
2021-02-05,230.935409545898
2021-02-08,231.192916870117
2021-02-09,232.432403564453
2021-02-10,231.526580810547
2021-02-11,233.118927001953
2021-02-12,233.595687866211
2021-02-16,232.365661621094
2021-02-17,233.378692626953
2021-02-18,232.986831665039
2021-02-19,230.291793823242
2021-02-22,224.118103027344
2021-02-23,222.933044433594
2021-02-24,224.156326293945
2021-02-25,218.842727661133
2021-02-26,222.082489013672
2021-03-01,226.440368652344
2021-03-02,223.506439208984
2021-03-03,217.476043701172
2021-03-04,216.682861328125
2021-03-05,221.337036132812
2021-03-08,217.313583374023
2021-03-09,223.420455932617
2021-03-10,222.120681762695
2021-03-11,226.621978759766
2021-03-12,225.303115844727
2021-03-15,224.404800415039
2021-03-16,227.176315307617
2021-03-17,226.535995483398
2021-03-18,220.496047973633
2021-03-19,220.14241027832
2021-03-22,225.532531738281
2021-03-23,227.052001953125
2021-03-24,225.026000976562
2021-03-25,222.04426574707
2021-03-26,226.000747680664
2021-03-29,224.815734863281
2021-03-30,221.575973510742
2021-03-31,225.322235107422
2021-04-01,231.610687255859
2021-04-05,238.032897949219
2021-04-06,236.876525878906
2021-04-07,238.826110839844
2021-04-08,242.027618408203
2021-04-09,244.512435913086
2021-04-12,244.569778442383
2021-04-13,247.035446166992
2021-04-14,244.263977050781
2021-04-15,248.000762939453
2021-04-16,249.185745239258
2021-04-19,247.274353027344
2021-04-20,246.815658569336
2021-04-21,249.032852172852
2021-04-22,245.773986816406
2021-04-23,249.57763671875
2021-04-26,249.959838867188
2021-04-27,250.361236572266
2021-04-28,243.279602050781
2021-04-29,241.320434570312
2021-04-30,241.00505065918
2021-05-03,240.699234008789
2021-05-04,236.809616088867
2021-05-05,235.548110961914
2021-05-06,238.663619995117
2021-05-07,241.272644042969
2021-05-10,236.226623535156
2021-05-11,235.318725585938
2021-05-12,228.409118652344
2021-05-13,232.260543823242
2021-05-14,237.153686523438
2021-05-17,234.315246582031
2021-05-18,232.308303833008
2021-05-19,232.883041381836
2021-05-20,236.1015625
2021-05-21,234.846725463867
2021-05-24,240.220520019531
2021-05-25,241.120941162109
2021-05-26,240.900650024414
2021-05-27,238.812438964844
2021-05-28,239.166839599609
2021-06-01,236.982879638672
2021-06-02,236.887054443359
2021-06-03,235.364013671875
2021-06-04,240.230102539062
2021-06-07,243.122924804688
2021-06-08,241.935134887695
2021-06-09,242.912185668945
2021-06-10,246.408538818359
2021-06-11,247.031143188477
2021-06-14,248.94694519043
2021-06-15,247.481384277344
2021-06-16,246.542617797852
2021-06-17,249.914398193359
2021-06-18,248.506332397461
2021-06-21,251.571624755859
2021-06-22,254.330322265625
2021-06-23,254.100357055664
2021-06-24,255.460586547852
2021-06-25,253.860946655273
2021-06-28,257.405151367188
2021-06-29,259.972320556641
2021-06-30,259.493347167969
2021-07-01,260.163909912109
2021-07-02,265.959106445312
2021-07-06,265.968658447266
2021-07-07,268.143127441406
2021-07-08,265.738830566406
2021-07-09,266.236968994141
2021-07-12,265.64306640625
2021-07-13,269.148895263672
2021-07-14,270.614562988281
2021-07-15,269.19677734375
2021-07-16,268.928588867188
2021-07-19,265.346069335938
2021-07-20,267.558746337891
2021-07-21,269.551177978516
2021-07-22,274.091583251953
2021-07-23,277.472961425781
2021-07-26,276.879119873047
2021-07-27,274.474853515625
2021-07-28,274.168212890625
2021-07-29,274.436492919922
2021-07-30,272.913421630859
2021-08-02,272.827239990234
2021-08-03,275.030364990234
2021-08-04,274.446014404297
2021-08-05,277.329406738281
2021-08-06,277.271850585938
2021-08-09,276.189392089844
2021-08-10,274.379089355469
2021-08-11,274.867553710938
2021-08-12,277.607116699219
2021-08-13,280.519104003906
2021-08-16,282.195404052734
2021-08-17,280.739471435547
2021-08-18,279.021514892578
2021-08-19,284.818267822266
2021-08-20,292.1025390625
2021-08-23,292.380859375
2021-08-24,290.432647705078
2021-08-25,289.847229003906
2021-08-26,287.044860839844
2021-08-27,287.649444580078
2021-08-30,291.363555908203
2021-08-31,289.722473144531
2021-09-01,289.674499511719
2021-09-02,289.021881103516
2021-09-03,289.012268066406
2021-09-07,288.090911865234
2021-09-08,288.119689941406
2021-09-09,285.278991699219
2021-09-10,283.800933837891
2021-09-13,285.029418945312
2021-09-14,287.716674804688
2021-09-15,292.544006347656
2021-09-16,292.927947998047
2021-09-17,287.793365478516
2021-09-20,282.44775390625
2021-09-21,282.927612304688
2021-09-22,286.555297851562
2021-09-23,287.495910644531
2021-09-24,287.294372558594
2021-09-27,282.322998046875
2021-09-28,272.101837158203
2021-09-29,272.562622070312
2021-09-30,270.56640625
2021-10-01,277.457092285156
2021-10-04,271.708404541016
2021-10-05,277.130828857422
2021-10-06,281.305633544922
2021-10-07,282.975616455078
2021-10-08,282.975616455078
2021-10-11,282.380523681641
2021-10-12,281.084930419922
2021-10-13,284.376739501953
2021-10-14,290.557434082031
2021-10-15,291.958557128906
2021-10-18,294.914642333984
2021-10-19,295.816802978516
2021-10-20,295.029815673828
2021-10-21,298.244842529297
2021-10-22,296.709259033203
2021-10-25,295.720794677734
2021-10-26,297.621063232422
2021-10-27,310.155120849609
2021-10-28,311.28759765625
2021-10-29,318.264801025391
2021-11-01,316.105346679688
2021-11-02,319.713897705078
2021-11-03,320.548919677734
2021-11-04,322.890655517578
2021-11-05,322.525909423828
2021-11-08,323.41845703125
2021-11-09,322.42041015625
2021-11-10,317.477783203125
2021-11-11,319.042205810547
2021-11-12,323.159454345703
2021-11-15,322.535552978516
2021-11-16,325.836975097656
2021-11-17,326.058166503906
2021-11-18,328.125335693359
2021-11-19,329.894439697266
2021-11-22,326.740814208984
2021-11-23,324.673553466797
2021-11-24,324.894775390625
2021-11-26,316.981750488281
2021-11-29,323.6640625
2021-11-30,317.856719970703
2021-12-01,317.366302490234
2021-12-02,316.799041748047
2021-12-03,310.568664550781
2021-12-06,313.626251220703
2021-12-07,322.019927978516
2021-12-08,322.067962646484
2021-12-09,320.27001953125
2021-12-10,329.346405029297
2021-12-13,326.327301025391
2021-12-14,315.693359375
2021-12-15,321.760375976562
2021-12-16,312.385833740234
2021-12-17,311.328216552734
2021-12-20,307.587982177734
2021-12-21,314.683807373047
2021-12-22,320.366149902344
2021-12-23,321.798736572266
2021-12-27,329.259887695312
2021-12-28,328.106109619141
2021-12-29,328.779174804688
2021-12-30,326.250427246094
2021-12-31,323.365997314453
2022-01-03,321.856536865234
2022-01-04,316.337524414062
2022-01-05,304.193969726562
2022-01-06,301.790374755859
2022-01-07,301.944091796875
2022-01-10,302.165374755859
2022-01-11,302.847961425781
2022-01-12,306.011169433594
2022-01-13,293.059997558594
2022-01-14,298.252044677734
2022-01-18,290.992889404297
2022-01-19,291.646667480469
2022-01-20,289.983276367188
2022-01-21,284.627838134766
2022-01-24,284.954742431641
2022-01-25,277.378326416016
2022-01-26,285.281555175781
2022-01-27,288.291076660156
2022-01-28,296.386779785156
2022-01-31,299.002044677734
2022-02-01,296.867492675781
2022-02-02,301.386474609375
2022-02-03,289.646820068359
2022-02-04,294.156188964844
2022-02-07,289.358367919922
2022-02-08,292.829284667969
2022-02-09,299.223205566406
2022-02-10,290.733245849609
2022-02-11,283.676025390625
2022-02-14,283.637542724609
2022-02-15,288.896881103516
2022-02-16,288.559661865234
2022-02-17,280.109954833984
2022-02-18,277.412170410156
2022-02-22,277.209991455078
2022-02-23,270.032073974609
2022-02-24,283.829010009766
2022-02-25,286.449584960938
2022-02-28,287.875579833984
2022-03-01,284.175842285156
2022-03-02,289.224426269531
2022-03-03,285.110382080078
2022-03-04,279.271759033203
2022-03-07,268.721710205078
2022-03-08,265.773529052734
2022-03-09,277.96142578125
2022-03-10,275.15771484375
2022-03-11,269.839416503906
2022-03-14,266.341918945312
2022-03-15,276.660827636719
2022-03-16,283.636322021484
2022-03-17,284.435974121094
2022-03-18,289.455688476562
2022-03-21,288.232055664062
2022-03-22,292.953094482422
2022-03-23,288.549987792969
2022-03-24,292.991607666016
2022-03-25,292.5869140625
2022-03-28,299.350524902344
2022-03-29,303.888427734375
2022-03-30,302.395050048828
2022-03-31,297.047790527344
2022-04-01,298.117218017578
2022-04-04,303.464447021484
2022-04-05,299.523956298828
2022-04-06,288.559661865234
2022-04-07,290.361267089844
2022-04-08,286.122009277344
2022-04-11,274.839813232422
2022-04-12,271.756683349609
2022-04-13,277.113616943359
2022-04-14,269.608154296875
2022-04-18,270.272888183594
2022-04-19,274.878326416016
2022-04-20,275.899566650391
2022-04-21,270.552307128906
2022-04-22,264.019989013672
2022-04-25,270.465606689453
2022-04-26,260.349151611328
2022-04-27,272.874267578125
2022-04-28,279.050201416016
2022-04-29,267.382507324219
2022-05-02,274.07861328125
2022-05-03,271.486938476562
2022-05-04,279.387420654297
2022-05-05,267.218719482422
2022-05-06,264.694427490234
2022-05-09,254.915145874023
2022-05-10,259.655517578125
2022-05-11,251.03239440918
2022-05-12,246.022384643555
2022-05-13,251.581588745117
2022-05-16,251.947692871094
2022-05-17,257.073425292969
2022-05-18,245.368927001953
2022-05-19,244.461151123047
2022-05-20,243.901031494141
2022-05-23,251.713668823242
2022-05-24,250.718963623047
2022-05-25,253.519500732422
2022-05-26,256.783630371094
2022-05-27,263.871978759766
2022-05-31,262.549011230469
2022-06-01,263.080169677734
2022-06-02,265.166076660156
2022-06-03,260.762420654297
2022-06-06,259.535919189453
2022-06-07,263.157440185547
2022-06-08,261.139038085938
2022-06-09,255.711700439453
2022-06-10,244.316284179688
2022-06-13,233.954162597656
2022-06-14,236.107711791992
2022-06-15,243.128433227539
2022-06-16,236.571273803711
2022-06-17,239.159362792969
2022-06-21,245.040603637695
2022-06-22,244.451446533203
2022-06-23,249.98503112793
2022-06-24,258.521942138672
2022-06-27,255.808288574219
2022-06-28,247.686630249023
2022-06-29,251.337036132812
2022-06-30,248.024627685547
2022-07-01,250.680404663086
2022-07-05,253.838256835938
2022-07-06,257.0830078125
2022-07-07,259.197937011719
2022-07-08,258.483337402344
2022-07-11,255.441314697266
2022-07-12,244.972946166992
2022-07-13,244.055557250977
2022-07-14,245.368927001953
2022-07-15,247.918426513672
2022-07-18,245.533096313477
2022-07-19,250.632110595703
2022-07-20,253.278121948242
2022-07-21,255.759979248047
2022-07-22,251.433639526367
2022-07-25,249.9560546875
2022-07-26,243.263656616211
2022-07-27,259.526336669922
2022-07-28,266.933288574219
2022-07-29,271.114868164062
2022-08-01,268.478546142578
2022-08-02,265.397918701172
2022-08-03,272.785583496094
2022-08-04,273.925140380859
2022-08-05,273.210479736328
2022-08-08,270.709259033203
2022-08-09,272.621368408203
2022-08-10,279.246215820312
2022-08-11,277.179656982422
2022-08-12,281.90185546875
2022-08-15,283.408386230469
2022-08-16,282.674499511719
2022-08-17,281.929290771484
2022-08-18,280.816375732422
2022-08-19,276.925933837891
2022-08-22,268.796661376953
2022-08-23,267.528930664062
2022-08-24,266.899932861328
2022-08-25,269.861297607422
2022-08-26,259.448181152344
2022-08-29,256.680328369141
2022-08-30,254.493209838867
2022-08-31,253.041580200195
2022-09-01,252.006042480469
2022-09-02,247.805938720703
2022-09-06,245.086502075195
2022-09-07,249.770492553711
2022-09-08,250.186614990234
2022-09-09,255.935134887695
2022-09-12,258.054565429688
2022-09-13,243.867141723633
2022-09-14,244.089691162109
2022-09-15,237.470199584961
2022-09-16,236.850814819336
2022-09-19,236.637893676758
2022-09-20,234.634643554688
2022-09-21,231.247451782227
2022-09-22,233.212020874023
2022-09-23,230.250625610352
2022-09-26,229.795776367188
2022-09-27,228.789367675781
2022-09-28,233.299118041992
2022-09-29,229.844161987305
2022-09-30,225.392471313477
2022-10-03,232.979736328125
2022-10-04,240.857360839844
2022-10-05,241.167037963867
2022-10-06,238.834732055664
2022-10-07,226.689300537109
2022-10-10,221.860153198242
2022-10-11,218.143936157227
2022-10-12,218.47297668457
2022-10-13,226.689300537109
2022-10-14,221.1923828125
2022-10-17,229.873245239258
2022-10-18,230.811981201172
2022-10-19,228.857055664062
2022-10-20,228.537704467773
2022-10-21,234.31526184082
2022-10-24,239.279891967773
2022-10-25,242.579956054688
2022-10-26,223.863433837891
2022-10-27,219.440734863281
2022-10-28,228.266754150391
2022-10-31,224.64729309082
2022-11-01,220.814971923828
2022-11-02,213.005065917969
2022-11-03,207.343643188477
2022-11-04,214.253494262695
2022-11-07,220.524612426758
2022-11-08,221.492385864258
2022-11-09,217.272918701172
2022-11-10,235.147521972656
2022-11-11,239.144409179688
2022-11-14,233.763626098633
2022-11-15,234.170104980469
2022-11-16,234.597122192383
2022-11-17,234.548583984375
2022-11-18,234.102188110352
2022-11-21,234.907699584961
2022-11-22,237.799728393555
2022-11-23,240.274505615234
2022-11-25,240.187164306641
2022-11-28,234.626266479492
2022-11-29,233.238418579102
2022-11-30,247.611434936523
2022-12-01,247.174743652344
2022-12-02,247.494995117188
2022-12-05,242.817153930664
2022-12-06,237.887069702148
2022-12-07,237.159194946289
2022-12-08,240.09977722168
2022-12-09,238.178237915039
2022-12-12,245.059020996094
2022-12-13,249.338897705078
2022-12-14,249.63005065918
2022-12-15,241.66227722168
2022-12-16,237.469787597656
2022-12-19,233.354843139648
2022-12-20,234.665054321289
2022-12-21,237.217422485352
2022-12-22,231.161544799805
2022-12-23,231.685623168945
2022-12-27,229.967864990234
2022-12-28,227.60954284668
2022-12-29,233.898361206055
2022-12-30,232.743469238281
2023-01-03,232.510559082031
2023-01-04,222.339813232422
2023-01-05,215.750152587891
2023-01-06,218.29280090332
2023-01-09,220.418197631836
2023-01-10,222.097152709961
2023-01-11,228.81298828125
2023-01-12,231.472122192383
2023-01-13,232.170883178711
2023-01-17,233.257843017578
2023-01-18,228.851791381836
2023-01-19,225.086318969727
2023-01-20,233.131698608398
2023-01-23,235.42204284668
2023-01-24,234.897918701172
2023-01-25,233.510162353516
2023-01-26,240.682098388672
2023-01-27,240.83740234375
2023-01-30,235.548202514648
2023-01-31,240.497665405273
2023-02-01,245.291931152344
2023-02-02,256.792266845703
2023-02-03,250.726699829102
2023-02-06,249.193313598633
2023-02-07,259.664886474609
2023-02-08,258.859405517578
2023-02-09,255.841186523438
2023-02-10,255.336563110352
2023-02-13,263.314025878906
2023-02-14,264.138885498047
2023-02-15,262.027648925781
2023-02-16,255.051742553711
2023-02-17,251.072540283203
2023-02-21,245.828491210938
2023-02-22,244.699905395508
2023-02-23,247.871627807617
2023-02-24,242.471923828125
2023-02-27,243.386459350586
2023-02-28,242.66650390625
2023-03-01,239.601821899414
2023-03-02,244.310729980469
2023-03-03,248.377548217773
2023-03-06,249.914764404297
2023-03-07,247.268402099609
2023-03-08,246.830612182617
2023-03-09,245.487976074219
2023-03-10,241.858932495117
2023-03-13,247.044647216797
2023-03-14,253.728576660156
2023-03-15,258.252716064453
2023-03-16,268.721374511719
2023-03-17,271.863952636719
2023-03-20,264.858856201172
2023-03-21,266.366882324219
2023-03-22,264.917266845703
2023-03-23,270.141876220703
2023-03-24,272.973022460938
2023-03-27,268.896484375
2023-03-28,267.777648925781
2023-03-29,272.914642333984
2023-03-30,276.358764648438
2023-03-31,280.493713378906
2023-04-03,279.452667236328
2023-04-04,279.404052734375
2023-04-05,276.640930175781
2023-04-06,283.704376220703
2023-04-10,281.554229736328
2023-04-11,275.171844482422
2023-04-12,275.81396484375
2023-04-13,281.992065429688
2023-04-14,278.392242431641
2023-04-17,280.980194091797
2023-04-18,280.561798095703
2023-04-19,280.639678955078
2023-04-20,278.363098144531
2023-04-21,278.022552490234
2023-04-24,274.140563964844
2023-04-25,267.962493896484
2023-04-26,287.372344970703
2023-04-27,296.576141357422
2023-04-28,298.940399169922
2023-05-01,297.286437988281
2023-05-02,297.140472412109
2023-05-03,296.157806396484
2023-05-04,297.140472412109
2023-05-05,302.238555908203
2023-05-08,300.292694091797
2023-05-09,298.687469482422
2023-05-10,303.853607177734
2023-05-11,301.713104248047
2023-05-12,300.604095458984
2023-05-15,301.080841064453
2023-05-16,303.299041748047
2023-05-17,306.165771484375
2023-05-18,310.572937011719
2023-05-19,310.397491455078
2023-05-22,313.166534423828
2023-05-23,307.394287109375
2023-05-24,306.019470214844
2023-05-25,317.788299560547
2023-05-26,324.584442138672
2023-05-30,322.946319580078
2023-05-31,320.196716308594
2023-06-01,324.282104492188
2023-06-02,327.031768798828
2023-06-05,327.558349609375
2023-06-06,325.354675292969
2023-06-07,315.311706542969
2023-06-08,317.144775390625
2023-06-09,318.636596679688
2023-06-12,323.570373535156
2023-06-13,325.949432373047
2023-06-14,328.92333984375
2023-06-15,339.414916992188
2023-06-16,333.788879394531
2023-06-20,329.615661621094
2023-06-21,325.237640380859
2023-06-22,331.234191894531
2023-06-23,326.661285400391
2023-06-26,320.401428222656
2023-06-27,326.222503662109
2023-06-28,327.470550537109
2023-06-29,326.690460205078
2023-06-30,332.043548583984
2023-07-03,329.557159423828
2023-07-05,329.713134765625
2023-07-06,332.755310058594
2023-07-07,328.806396484375
2023-07-10,323.55078125
2023-07-11,324.174835205078
2023-07-12,328.786895751953
2023-07-13,334.110656738281
2023-07-14,336.626251220703
2023-07-17,337.104064941406
2023-07-18,350.520751953125
2023-07-19,346.220764160156
2023-07-20,338.215637207031
2023-07-21,335.192932128906
2023-07-24,336.49951171875
2023-07-25,342.223052978516
2023-07-26,329.342620849609
2023-07-27,322.468536376953
2023-07-28,329.927642822266
2023-07-31,327.538818359375
2023-08-01,327.948333740234
2023-08-02,319.328826904297
2023-08-03,318.509826660156
2023-08-04,319.601837158203
2023-08-07,321.873748779297
2023-08-08,317.9150390625
2023-08-09,314.190368652344
2023-08-10,314.872924804688
2023-08-11,313.000793457031
2023-08-14,315.955200195312
2023-08-15,313.82958984375
2023-08-16,313.067443847656
2023-08-17,309.627990722656
2023-08-18,309.237182617188
2023-08-21,314.513610839844
2023-08-22,315.080322265625
2023-08-23,319.516418457031
2023-08-24,312.647277832031
2023-08-25,315.58837890625
2023-08-28,316.291931152344
2023-08-29,320.894165039062
2023-08-30,321.265533447266
2023-08-31,320.259033203125
2023-09-01,321.138458251953
2023-09-05,325.91650390625
2023-09-06,325.261840820312
2023-09-07,322.359802246094
2023-09-08,326.620025634766
2023-09-11,330.206085205078
2023-09-12,324.177276611328
2023-09-13,328.369079589844
2023-09-14,330.948669433594
2023-09-15,322.662750244141
2023-09-18,321.529235839844
2023-09-19,321.128662109375
2023-09-20,313.429016113281
2023-09-21,312.217346191406
2023-09-22,309.755096435547
2023-09-25,310.272888183594
2023-09-26,304.996520996094
2023-09-27,305.631652832031
2023-09-28,306.462249755859
2023-09-29,308.523895263672
2023-10-02,314.435394287109
2023-10-03,306.217895507812
2023-10-04,311.660400390625
2023-10-05,312.05126953125
2023-10-06,319.7705078125
2023-10-09,322.271881103516
2023-10-10,320.874633789062
2023-10-11,324.812408447266
2023-10-12,323.581207275391
2023-10-13,320.229705810547
2023-10-16,325.027313232422
2023-10-17,324.460601806641
2023-10-18,322.55517578125
2023-10-19,323.737548828125
2023-10-20,319.194000244141
2023-10-23,321.783264160156
2023-10-24,322.965545654297
2023-10-25,332.873565673828
2023-10-26,320.386047363281
2023-10-27,322.262084960938
2023-10-30,329.590423583984
2023-10-31,330.372161865234
2023-11-01,338.149963378906
2023-11-02,340.348480224609
2023-11-03,344.725952148438
2023-11-06,348.370574951172
2023-11-07,352.279052734375
2023-11-08,354.887969970703
2023-11-09,352.435394287109
2023-11-10,361.209930419922
2023-11-13,358.288330078125
2023-11-14,361.796173095703
2023-11-15,361.943023681641
2023-11-16,368.307159423828
2023-11-17,362.119293212891
2023-11-20,369.550628662109
2023-11-21,365.271942138672
2023-11-22,369.951995849609
2023-11-24,369.540802001953
2023-11-27,370.696105957031
2023-11-28,374.70068359375
2023-11-29,370.931121826172
2023-11-30,370.989898681641
2023-12-01,366.681884765625
2023-12-04,361.424133300781
2023-12-05,364.733428955078
2023-12-06,361.091156005859
2023-12-07,363.1962890625
2023-12-08,366.407745361328
2023-12-11,363.538940429688
2023-12-12,366.554595947266
2023-12-13,366.544738769531
2023-12-14,358.281188964844
2023-12-15,362.980895996094
2023-12-18,364.860778808594
2023-12-19,365.457916259766
2023-12-20,362.873168945312
2023-12-21,365.732147216797
2023-12-22,366.750396728516
2023-12-26,366.828704833984
2023-12-27,366.251007080078
2023-12-28,367.435729980469
2023-12-29,368.179870605469
2024-01-02,363.117919921875
2024-01-03,362.853607177734
2024-01-04,360.249176025391
2024-01-05,360.063201904297
2024-01-08,366.858093261719
2024-01-09,367.935089111328
2024-01-10,374.769226074219
2024-01-11,376.590301513672
2024-01-12,380.350006103516
2024-01-16,382.112396240234
2024-01-17,381.329162597656
2024-01-18,385.637145996094
2024-01-19,390.336883544922
2024-01-22,388.222015380859
2024-01-23,390.562103271484
2024-01-24,394.145538330078
2024-01-25,396.407257080078
2024-01-26,395.486907958984
2024-01-29,401.155883789062
2024-01-30,400.049438476562
2024-01-31,389.269592285156
2024-02-01,395.340057373047
2024-02-02,402.624572753906
2024-02-05,397.170989990234
2024-02-06,397.014312744141
2024-02-07,405.395355224609
2024-02-08,405.4541015625
2024-02-09,411.759460449219
2024-02-12,406.580047607422
2024-02-13,397.826934814453
2024-02-14,401.672088623047
2024-02-15,398.798095703125
2024-02-16,396.345764160156
2024-02-20,395.100067138672
2024-02-21,394.501678466797
2024-02-22,403.790893554688
2024-02-23,402.505859375
2024-02-26,399.759307861328
2024-02-27,399.700469970703
2024-02-28,399.935852050781
2024-02-29,405.742889404297
2024-03-01,407.5673828125
2024-03-04,406.998504638672
2024-03-05,394.962646484375
2024-03-06,394.413391113281
2024-03-07,401.328826904297
2024-03-08,398.464538574219
2024-03-11,396.796966552734
2024-03-12,407.351593017578
2024-03-13,407.175018310547
2024-03-14,417.101837158203
2024-03-15,408.469787597656
2024-03-18,409.352630615234
2024-03-19,413.364471435547
2024-03-20,417.111633300781
2024-03-21,421.172515869141
2024-03-22,420.554595947266
2024-03-25,414.786834716797
2024-03-26,413.599945068359
2024-03-27,413.384155273438
2024-03-28,412.687683105469
2024-04-01,416.464202880859
2024-04-02,413.393890380859
2024-04-03,412.422821044922
2024-04-04,409.901947021484
2024-04-05,417.396026611328
2024-04-08,416.483795166016
2024-04-09,418.141571044922
2024-04-10,415.17919921875
2024-04-11,419.760070800781
2024-04-12,413.845184326172
2024-04-15,405.742889404297
2024-04-16,406.664886474609
2024-04-17,403.977203369141
2024-04-18,396.551696777344
2024-04-19,391.500122070312
2024-04-22,393.304992675781
2024-04-23,399.788726806641
2024-04-24,401.250274658203
2024-04-25,391.421630859375
2024-04-26,398.562652587891
2024-04-29,394.5703125
2024-04-30,381.89697265625
2024-05-01,387.39990234375
2024-05-02,390.244506835938
2024-05-03,398.896179199219
2024-05-06,405.644775390625
2024-05-07,401.524932861328
2024-05-08,402.702056884766
2024-05-09,404.448059082031
2024-05-10,406.821838378906
2024-05-13,405.821319580078
2024-05-14,408.607116699219
2024-05-15,415.751220703125
2024-05-16,413.697387695312
2024-05-17,412.930908203125
2024-05-20,417.972076416016
2024-05-21,421.608001708984
2024-05-22,423.062286376953
2024-05-23,419.603271484375
2024-05-24,422.708557128906
2024-05-28,422.865783691406
2024-05-29,421.735717773438
2024-05-30,407.486938476562
2024-05-31,407.938934326172
2024-06-03,406.356781005859
2024-06-04,408.862640380859
2024-06-05,416.665100097656
2024-06-06,417.166259765625
2024-06-07,416.507873535156
2024-06-10,420.458251953125
2024-06-11,425.184906005859
2024-06-12,433.419738769531
2024-06-13,433.930725097656
2024-06-14,434.903594970703
2024-06-17,440.603088378906
2024-06-18,438.608276367188
2024-06-20,437.979370117188
2024-06-21,441.988677978516
2024-06-24,439.915283203125
2024-06-25,443.138397216797
2024-06-26,444.327453613281
2024-06-27,445.005523681641
2024-06-28,439.207763671875
2024-07-01,448.818298339844
2024-07-02,451.324157714844
2024-07-03,452.788330078125
2024-07-05,459.460662841797
2024-07-08,458.16357421875
2024-07-09,451.579620361328
2024-07-10,458.173370361328
2024-07-11,446.823455810547
2024-07-12,445.693359375
2024-07-15,446.096252441406
2024-07-16,441.733154296875
2024-07-17,435.837158203125
2024-07-18,432.74169921875
2024-07-19,429.538177490234
2024-07-22,435.267150878906
2024-07-23,437.14404296875
2024-07-24,421.470367431641
2024-07-25,411.152282714844
2024-07-26,417.903228759766
2024-07-29,419.338012695312
2024-07-30,415.593994140625
2024-07-31,411.103149414062
2024-08-01,409.884613037109
2024-08-02,401.413879394531
2024-08-05,388.304992675781
2024-08-06,392.687683105469
2024-08-07,391.528198242188
2024-08-08,395.714416503906
2024-08-09,398.986724853516
2024-08-12,399.763000488281
2024-08-13,406.838287353516
2024-08-14,409.638946533203
2024-08-15,414.482421875
2024-08-16,411.962280273438
2024-08-19,414.974670410156
2024-08-20,418.193786621094
2024-08-21,417.544097900391
2024-08-22,409.087585449219
2024-08-23,410.308380126953
2024-08-26,407.059661865234
2024-08-27,407.404296875
2024-08-28,404.214630126953
2024-08-29,406.695465087891
2024-08-30,410.652954101562
2024-09-03,403.072692871094
2024-09-04,402.541046142578
2024-09-05,402.039001464844
2024-09-06,395.453033447266
2024-09-09,399.410552978516
2024-09-10,407.758666992188
2024-09-11,416.461151123047
2024-09-12,420.359619140625
2024-09-13,423.893737792969
2024-09-16,424.632080078125
2024-09-17,428.3828125
2024-09-18,424.110321044922
2024-09-19,431.867797851562
2024-09-20,428.5009765625
2024-09-23,426.768371582031
2024-09-24,422.495849609375
2024-09-25,425.390106201172
2024-09-26,424.602569580078
2024-09-27,421.363739013672
2024-09-30,423.608245849609
2024-10-01,414.147705078125
2024-10-02,410.643127441406
2024-10-03,410.062255859375
2024-10-04,409.589691162109
2024-10-07,403.171173095703
2024-10-08,408.260711669922
2024-10-09,410.967926025391
2024-10-10,409.373138427734
2024-10-11,409.845703125
2024-10-14,412.621826171875
2024-10-15,412.228057861328
2024-10-16,409.648773193359
2024-10-17,410.239471435547
2024-10-18,411.657073974609
2024-10-21,412.267425537109
2024-10-22,420.861663818359
2024-10-23,417.996917724609
2024-10-24,418.124908447266
2024-10-25,421.49169921875
2024-10-28,419.955963134766
2024-10-29,425.232604980469
2024-10-30,425.803588867188
2024-10-31,400.030731201172
2024-11-01,403.988189697266
2024-11-04,402.107879638672
2024-11-05,405.061218261719
2024-11-06,413.645629882812
2024-11-07,418.813995361328
2024-11-08,415.968902587891
2024-11-11,411.509368896484
2024-11-12,416.451354980469
2024-11-13,418.587585449219
2024-11-14,420.251281738281
2024-11-15,408.546203613281
2024-11-18,409.29443359375
2024-11-19,411.292877197266
2024-11-20,409.028594970703
2024-11-21,407.262908935547
2024-11-22,411.336791992188
2024-11-25,413.102478027344
2024-11-26,422.177490234375
2024-11-27,417.245452880859
2024-11-29,417.709045410156
2024-12-02,425.126983642578
2024-12-03,425.343963623047
2024-12-04,431.479553222656
2024-12-05,436.60888671875
2024-12-06,437.545959472656
2024-12-09,439.962707519531
2024-12-10,437.309234619141
2024-12-11,442.892364501953
2024-12-12,443.454620361328
2024-12-13,441.195709228516
2024-12-16,445.457000732422
2024-12-17,448.2880859375
2024-12-18,431.449890136719
2024-12-19,431.094757080078
2024-12-20,430.670654296875
2024-12-23,429.338928222656
2024-12-24,433.363494873047
2024-12-26,432.160095214844
2024-12-27,424.683074951172
2024-12-30,419.060424804688
2024-12-31,415.775665283203
2025-01-02,412.895355224609
2025-01-03,417.6005859375
2025-01-06,422.039459228516
2025-01-07,416.633850097656
2025-01-08,418.794128417969
2025-01-10,413.260375976562
2025-01-13,411.524230957031
2025-01-14,410.024871826172
2025-01-15,420.520355224609
2025-01-16,418.813842773438
2025-01-17,423.203399658203
2025-01-21,422.680603027344
2025-01-22,440.140258789062
2025-01-23,440.643310546875
2025-01-24,438.029296875
2025-01-27,428.658355712891
2025-01-28,441.126678466797
2025-01-29,436.322784423828
2025-01-30,409.354064941406
2025-01-31,409.423126220703
2025-02-03,405.33935546875
2025-02-04,406.769683837891
2025-02-05,407.677154541016
2025-02-06,410.1728515625
2025-02-07,404.185272216797
2025-02-10,406.621704101562
2025-02-11,405.852325439453
2025-02-12,403.484954833984
2025-02-13,404.964538574219
2025-02-14,402.883209228516
2025-02-18,404.076812744141
2025-02-19,409.137115478516
2025-02-20,411.301696777344
2025-02-21,403.473541259766
2025-02-24,399.312377929688
2025-02-25,393.283203125
2025-02-26,395.091979980469
2025-02-27,387.975524902344
2025-02-28,392.383758544922
2025-03-03,383.982391357422
2025-03-04,384.100982666016
2025-03-05,396.366973876953
2025-03-06,392.284942626953
2025-03-07,388.746459960938
2025-03-10,375.7490234375
2025-03-11,376.035736083984
2025-03-12,378.822937011719
2025-03-13,374.375152587891
2025-03-14,384.051574707031
2025-03-17,384.189971923828
2025-03-18,379.070068359375
2025-03-19,383.320159912109
2025-03-20,382.351531982422
2025-03-21,386.720275878906
2025-03-24,388.519134521484
2025-03-25,390.574981689453
2025-03-26,385.445190429688
2025-03-27,386.048126220703
2025-03-28,374.40478515625
2025-03-31,371.034393310547
2025-04-01,377.755493164062
2025-04-02,377.7060546875
2025-04-03,368.780792236328
2025-04-04,355.664764404297
2025-04-07,353.707763671875
2025-04-08,350.446075439453
2025-04-09,385.959167480469
2025-04-10,376.925262451172
2025-04-11,383.94287109375
2025-04-14,383.310302734375
2025-04-15,381.254425048828
2025-04-16,367.298217773438
2025-04-17,363.512664794922
2025-04-21,354.953186035156
2025-04-22,362.563812255859
2025-04-23,370.046020507812
2025-04-24,382.806213378906
2025-04-25,387.303375244141
2025-04-28,386.621429443359
2025-04-29,389.467987060547
2025-04-30,390.673828125
2025-05-01,420.464111328125
2025-05-02,430.2294921875
2025-05-05,431.109191894531
2025-05-06,428.282348632812
2025-05-07,428.321899414062
2025-05-08,433.085998535156
2025-05-09,433.639465332031
2025-05-12,444.047271728516
2025-05-13,443.9287109375
2025-05-14,447.684600830078
2025-05-15,448.694610595703
2025-05-16,449.823425292969
2025-05-19,454.378448486328
2025-05-20,453.685272216797
2025-05-21,448.140106201172
2025-05-22,450.407653808594
2025-05-23,445.773498535156
2025-05-27,456.180603027344
2025-05-28,452.883209228516
2025-05-29,454.190277099609
2025-05-30,455.853820800781
2025-06-02,457.448089599609
2025-06-03,458.438262939453
2025-06-04,459.329467773438
2025-06-05,463.102203369141
2025-06-06,465.775726318359
2025-06-09,468.12255859375
2025-06-10,466.310485839844
2025-06-11,467.993835449219
2025-06-12,474.1826171875
2025-06-13,470.310913085938
2025-06-16,474.449981689453
2025-06-17,473.360748291016
2025-06-18,475.539245605469
2025-06-20,472.727020263672
2025-06-23,481.242858886719
2025-06-24,485.312591552734
2025-06-25,487.451477050781
2025-06-26,492.580780029297
2025-06-27,491.085540771484
2025-06-30,492.541168212891
2025-07-01,487.233612060547
2025-07-02,486.283050537109
2025-07-03,493.957183837891
2025-07-07,492.84814453125
2025-07-08,491.758911132812
2025-07-09,498.581481933594
2025-07-10,496.571319580078
2025-07-11,498.393341064453
2025-07-14,498.096252441406
2025-07-15,500.868865966797
2025-07-16,500.670837402344
2025-07-17,506.691284179688
2025-07-18,505.057434082031
2025-07-21,505.067321777344
2025-07-22,500.324249267578
2025-07-23,500.918334960938
2025-07-24,505.879302978516
2025-07-25,508.681640625
2025-07-28,507.483459472656
2025-07-29,507.552795410156
2025-07-30,508.216247558594
2025-07-31,528.277893066406
2025-08-01,518.979797363281
2025-08-04,530.39697265625
2025-08-05,522.584228515625
2025-08-06,519.801696777344
2025-08-07,515.741821289062
2025-08-08,516.930053710938
2025-08-11,516.662841796875
2025-08-12,524.0595703125
2025-08-13,515.484436035156
2025-08-14,517.36572265625
2025-08-15,515.078369140625
2025-08-18,512.038391113281
2025-08-19,504.780181884766
2025-08-20,500.769805908203
2025-08-21,500.125122070312
2025-08-22,503.090759277344
2025-08-25,500.144989013672
2025-08-26,497.943084716797
2025-08-27,502.604736328125
2025-08-28,505.481079101562
2025-08-29,502.555145263672
2025-09-02,500.997924804688
2025-09-03,501.22607421875
2025-09-04,503.82470703125
2025-09-05,490.960540771484
2025-09-08,494.134429931641
2025-09-09,494.342681884766
2025-09-10,496.286743164062
2025-09-11,496.921508789062
2025-09-12,505.738952636719
2025-09-15,511.154388427734
2025-09-16,504.885955810547
2025-09-17,505.857971191406
2025-09-18,504.30078125
2025-09-19,513.703491210938
2025-09-22,510.251831054688
2025-09-23,505.074432373047
2025-09-24,505.986907958984
2025-09-25,502.892364501953
2025-09-26,507.286193847656
2025-09-29,510.400512695312
2025-09-30,513.723266601562
2025-10-01,515.468872070312
2025-10-02,511.531311035156
2025-10-03,513.128112792969
2025-10-06,524.256591796875
2025-10-07,519.703979492188
2025-10-08,520.56689453125
2025-10-09,518.136962890625
2025-10-10,506.790283203125
2025-10-13,509.855072021484
2025-10-14,509.378997802734
2025-10-15,509.240142822266
2025-10-16,507.434997558594
2025-10-17,509.388977050781
2025-10-20,512.57275390625
2025-10-21,513.435607910156
2025-10-22,516.292053222656
2025-10-23,516.311950683594
2025-10-24,519.337036132812
2025-10-27,527.182556152344
2025-10-28,537.646423339844
2025-10-29,537.130615234375
2025-10-30,521.469482421875
2025-10-31,513.584350585938
2025-11-03,512.810729980469
2025-11-04,510.132843017578
2025-11-05,503.021331787109
2025-11-06,493.043395996094
2025-11-07,492.765686035156
2025-11-10,501.870758056641
2025-11-11,504.528900146484
2025-11-12,506.968841552734
2025-11-13,499.182891845703
2025-11-14,506.016662597656
2025-11-17,503.348571777344
2025-11-18,489.760437011719
2025-11-19,483.144836425781
2025-11-20,475.413879394531
2025-11-21,469.143646240234
2025-11-24,471.011810302734
2025-11-25,473.982940673828
2025-11-26,482.439331054688
2025-11-28,488.908294677734
2025-12-01,483.671478271484
2025-12-02,486.910949707031
2025-12-03,474.718292236328
2025-12-04,477.808715820312
2025-12-05,480.114074707031
2025-12-08,487.924530029297
2025-12-09,488.918182373047
2025-12-10,475.543090820312
2025-12-11,480.422119140625
2025-12-12,475.513244628906
2025-12-15,471.82666015625
2025-12-16,473.386779785156
2025-12-17,473.118438720703
2025-12-18,480.928894042969
2025-12-19,482.856658935547
2025-12-22,481.863006591797
2025-12-23,483.780792236328
2025-12-24,484.943420410156
2025-12-26,484.635375976562
2025-12-29,484.029235839844
2025-12-30,484.406829833984
2025-12-31,480.571166992188
2026-01-02,469.95849609375
2026-01-05,469.869110107422
2026-01-06,475.493408203125
2026-01-07,480.422119140625
2026-01-08,475.095886230469
2026-01-09,476.258514404297
2026-01-12,474.171752929688
2026-01-13,467.702819824219
2026-01-14,456.483978271484
2026-01-15,453.781127929688
2026-01-16,456.9609375
2026-01-20,451.654632568359
2026-01-21,441.310241699219
2026-01-22,448.295928955078
2026-01-23,463.012573242188
2026-01-26,467.315277099609
2026-01-27,477.550323486328
2026-01-28,478.593719482422
2026-01-29,430.767150878906
2026-01-30,427.577392578125
2026-02-02,420.701019287109
2026-02-03,408.617645263672
2026-02-04,411.578857421875
2026-02-05,391.188232421875
2026-02-06,398.611145019531
2026-02-09,410.992584228516
2026-02-10,410.664672851562
2026-02-11,401.820770263672
2026-02-12,399.306701660156
2026-02-13,398.790008544922
2026-02-17,394.358123779297
2026-02-18,397.080871582031
2026-02-19,396.851776123047
2026-02-20,395.626739501953
2026-02-23,382.918212890625
2026-02-24,387.429962158203
2026-02-25,398.983123779297
2026-02-26,400.098602294922
2026-02-27,391.154846191406
2026-03-02,396.941375732422
2026-03-03,402.299682617188
2026-03-04,403.564575195312
2026-03-05,409.022430419922
2026-03-06,407.309387207031
2026-03-09,407.757568359375
2026-03-10,404.122314453125
2026-03-11,403.245849609375
2026-03-12,400.238037109375
2026-03-13,393.953491210938
2026-03-16,398.335754394531
2026-03-17,397.797912597656
2026-03-18,390.208709716797
2026-03-19,387.449859619141
2026-03-20,380.328735351562
2026-03-23,381.454193115234
2026-03-24,371.235565185547
2026-03-25,369.542449951172
2026-03-26,364.492919921875
2026-03-27,355.330017089844
2026-03-30,357.511169433594
2026-03-31,368.675964355469
2026-04-01,367.879180908203
2026-04-02,371.952667236328
2026-04-06,371.375
2026-04-07,370.787414550781
2026-04-08,372.819152832031
2026-04-09,371.564270019531
2026-04-10,369.373138427734
2026-04-13,382.818634033203
2026-04-14,391.523345947266
2026-04-15,409.560272216797
2026-04-16,418.563781738281
2026-04-17,421.083587646484
2026-04-20,416.382629394531
2026-04-21,422.448059082031
2026-04-22,431.172698974609
2026-04-23,414.071960449219
2026-04-24,422.906188964844
2026-04-27,423.105377197266
2026-04-28,427.517486572266
2026-04-29,422.746795654297
2026-04-30,406.134155273438
2026-05-01,412.767272949219
2026-05-04,411.950561523438
2026-05-05,409.719635009766
2026-05-06,412.289184570312
2026-05-07,419.071716308594
2026-05-08,413.444519042969
2026-05-11,410.994445800781
2026-05-12,406.124176025391
2026-05-13,403.574523925781
2026-05-14,407.777496337891
2026-05-15,420.217071533203
2026-05-18,421.83056640625
2026-05-19,415.735260009766
2026-05-20,419.360534667969
2026-05-21,418.302520751953
2026-05-22,417.783538818359
2026-05-26,415.248291015625
2026-05-27,411.894622802734
2026-05-28,426.187683105469
2026-05-29,449.394012451172
2026-06-01,459.654693603516
2026-06-02,440.480773925781
2026-06-03,426.537048339844
2026-06-04,427.245697021484
2026-06-05,415.887084960938
2026-06-08,410.966339111328
2026-06-09,402.652008056641
2026-06-10,396.613342285156
2026-06-11,389.606567382812
2026-06-12,390.005798339844
2026-06-15,399.008880615234
2026-06-16,393.089996337891
2026-06-17,378.198028564453
2026-06-18,378.687103271484
2026-06-22,366.649780273438
2026-06-23,373.237365722656
2026-06-24,364.773315429688
2026-06-25,352.167022705078
2026-06-26,372.269195556641
2026-06-29,367.877471923828
2026-06-30,372.319091796875
2026-07-01,383.557952880859
2026-07-02,389.756256103516
2026-07-06,386.013305664062
2026-07-07,388.109375
2026-07-08,382.619720458984
2026-07-09,383.637786865234
2026-07-10,384.376403808594
2026-07-13,390.255340576172
2026-07-14,384.206726074219
2026-07-15,394.886627197266
2026-07-16,400.346343994141
2026-07-17,393.080017089844
2026-07-20,401.534118652344
2026-07-21,397.002624511719
2026-07-22,389.606567382812
2026-07-23,380.863006591797
2026-07-24,380.982818603516
2026-07-27,388.368896484375
2026-07-28,392.610900878906
2026-07-29,389.806182861328
2026-07-30,450.252410888672
2026-07-31,463.846801757812
2026-08-03,486.733703613281
2026-08-04,491.884033203125
2026-08-05,486.544067382812
2026-08-06,498.920745849609
2026-08-07,499.050506591797
2026-08-10,505.109130859375
2026-08-11,502.863342285156
2026-08-12,491.504730224609
2026-08-13,495.946380615234
2026-08-14,494.469146728516
2026-08-17,479.447448730469
2026-08-18,480.725036621094
2026-08-19,483.399993896484
2026-08-20,481.149993896484
2026-08-21,483.239990234375
2026-08-24,487.309997558594
2026-08-25,491.709991455078
2026-08-26,496.369995117188
2026-08-27,505.059997558594
2026-08-28,513.530029296875
2026-08-31,507.290008544922
2026-09-01,501.019989013672
2026-09-02,496.820007324219
2026-09-03,510.119995117188
2026-09-04,499.700012207031
2026-09-08,493.950012207031
2026-09-09,491.649993896484
2026-09-10,492.440002441406
2026-09-11,495.630004882812
2026-09-14,505.410003662109
2026-09-15,497.119995117188
